account_created_day,account_count,cohort_account_denominator,share_of_cohort
2022-02-01,28,977,0.028659
2022-02-02,40,977,0.040942
2022-02-03,63,977,0.064483
2022-02-04,22,977,0.022518
2022-02-05,21,977,0.021494
2022-02-06,24,977,0.024565
2022-02-07,87,977,0.089048
2022-02-08,44,977,0.045036
2022-02-09,63,977,0.064483
2022-02-10,22,977,0.022518
2022-02-11,66,977,0.067554
2022-02-12,18,977,0.018424
2022-02-13,31,977,0.031730
2022-02-14,55,977,0.056295
2022-02-15,38,977,0.038895
2022-02-16,43,977,0.044012
2022-02-17,22,977,0.022518
2022-02-18,28,977,0.028659
2022-02-19,22,977,0.022518
2022-02-20,37,977,0.037871
2022-02-21,36,977,0.036847
2022-02-22,29,977,0.029683
2022-02-23,38,977,0.038895
2022-02-24,38,977,0.038895
2022-02-25,45,977,0.046059
2022-02-26,11,977,0.011259
2022-02-27,6,977,0.006141
