age_day,eligible_account_count,accounts_with_observed_usage,observed_usage_account_fraction
0,977,977,1.000000000
1,977,892,0.912998976
2,977,856,0.876151484
3,977,843,0.862845445
4,977,840,0.859774821
5,977,831,0.850562948
6,977,825,0.844421699
7,977,813,0.832139202
8,977,814,0.833162743
9,977,807,0.825997953
10,977,798,0.816786080
11,977,799,0.817809621
12,977,789,0.807574207
13,977,791,0.809621290
14,977,787,0.805527124
15,977,778,0.796315251
16,977,774,0.792221085
17,977,774,0.792221085
18,977,773,0.791197544
19,977,770,0.788126919
20,977,766,0.784032753
21,977,762,0.779938588
22,977,761,0.778915046
23,977,755,0.772773797
24,977,748,0.765609007
25,977,745,0.762538383
26,977,744,0.761514841
27,977,742,0.759467758
28,977,710,0.726714432
29,977,590,0.603889458
30,977,591,0.604912999
31,977,521,0.533265097
32,977,503,0.514841351
33,977,501,0.512794268
34,977,491,0.502558854
35,977,485,0.496417605
36,977,484,0.495394063
37,977,476,0.487205732
38,977,469,0.480040942
39,977,460,0.470829069
40,977,455,0.465711361
41,977,456,0.466734903
42,977,451,0.461617195
43,977,438,0.448311157
44,977,429,0.439099284
45,977,427,0.437052201
46,977,428,0.438075742
47,977,429,0.439099284
48,977,430,0.440122825
49,977,430,0.440122825
50,977,431,0.441146366
51,977,428,0.438075742
52,977,425,0.435005118
53,977,425,0.435005118
54,977,425,0.435005118
55,977,425,0.435005118
56,977,426,0.436028659
57,977,420,0.429887410
58,977,416,0.425793245
59,977,423,0.432958035
60,977,422,0.431934493
61,977,423,0.432958035
62,977,421,0.430910952
