date,eligible_account_count,observed_account_count,observed_coverage_rate
2022-02-01,28,28,1.000000000
2022-02-02,68,66,0.970588235
2022-02-03,131,125,0.954198473
2022-02-04,153,138,0.901960784
2022-02-05,174,152,0.873563218
2022-02-06,198,171,0.863636364
2022-02-07,285,253,0.887719298
2022-02-08,329,290,0.881458967
2022-02-09,392,346,0.882653061
2022-02-10,414,363,0.876811594
2022-02-11,480,429,0.893750000
2022-02-12,498,432,0.867469880
2022-02-13,529,455,0.860113422
2022-02-14,584,506,0.866438356
2022-02-15,622,536,0.861736334
2022-02-16,665,571,0.858646617
2022-02-17,687,586,0.852983988
2022-02-18,715,593,0.829370629
2022-02-19,737,610,0.827679783
2022-02-20,774,640,0.826873385
2022-02-21,810,672,0.829629630
2022-02-22,839,690,0.822407628
2022-02-23,877,720,0.820980616
2022-02-24,915,746,0.815300546
2022-02-25,960,784,0.816666667
2022-02-26,971,788,0.811534501
2022-02-27,977,787,0.805527124
2022-02-28,977,784,0.802456499
2022-03-01,977,780,0.798362334
2022-03-02,977,768,0.786079836
2022-03-03,977,754,0.771750256
2022-03-04,977,743,0.760491300
2022-03-05,977,736,0.753326510
2022-03-06,977,723,0.740020471
2022-03-07,977,708,0.724667349
2022-03-08,977,694,0.710337769
2022-03-09,977,678,0.693961105
2022-03-10,977,648,0.663254862
2022-03-11,977,636,0.650972364
2022-03-12,977,613,0.627430911
2022-03-13,977,606,0.620266121
2022-03-14,977,587,0.600818833
2022-03-15,977,582,0.595701126
2022-03-16,977,563,0.576253838
2022-03-17,977,549,0.561924258
2022-03-18,977,547,0.559877175
2022-03-19,977,540,0.552712385
2022-03-20,977,532,0.544524053
2022-03-21,977,528,0.540429887
2022-03-22,977,527,0.539406346
2022-03-23,977,522,0.534288639
2022-03-24,977,513,0.525076766
2022-03-25,977,503,0.514841351
2022-03-26,977,499,0.510747185
2022-03-27,977,498,0.509723644
2022-03-28,977,495,0.506653019
2022-03-29,977,493,0.504605937
2022-03-30,977,490,0.501535312
2022-03-31,977,440,0.450358240
2022-04-01,977,429,0.439099284
2022-04-02,977,429,0.439099284
2022-04-03,977,428,0.438075742
2022-04-04,977,426,0.436028659
2022-04-05,977,427,0.437052201
2022-04-06,977,424,0.433981576
2022-04-07,977,424,0.433981576
2022-04-08,977,422,0.431934493
2022-04-09,977,426,0.436028659
2022-04-10,977,427,0.437052201
2022-04-11,977,422,0.431934493
2022-04-12,977,423,0.432958035
2022-04-13,977,425,0.435005118
2022-04-14,977,423,0.432958035
2022-04-15,977,420,0.429887410
2022-04-16,977,421,0.430910952
2022-04-17,977,421,0.430910952
2022-04-18,977,421,0.430910952
2022-04-19,977,419,0.428863869
2022-04-20,977,418,0.427840328
2022-04-21,977,417,0.426816786
2022-04-22,977,416,0.425793245
2022-04-23,977,413,0.422722620
2022-04-24,977,413,0.422722620
2022-04-25,977,413,0.422722620
2022-04-26,977,412,0.421699079
2022-04-27,977,411,0.420675537
2022-04-28,977,410,0.419651996
2022-04-29,977,409,0.418628454
2022-04-30,977,407,0.416581372
